"RegioS","Perioden","TotaalWegvoertuigen_1","Personenauto_2","TotaalBedrijfsvoertuigen_3","TotaalBedrijfsmotorvoertuigen_4","Bestelauto_5","VrachtautoExclTrekkerVoorOplegger_6","TrekkerVoorOplegger_7","SpeciaalVoertuig_8","Bus_9","TotaalAanhangwagensEnOpleggers_10","Aanhangwagen_11","Oplegger_12","Motorfiets_13","AlleVoertuigenMetBromfietskenteken_14","Snorfiets_15","Bromfiets_16","Brommobiel_17","OverigeVoertuigenMetBromfietskenteken_18","LandsdeelCode_19","ProvincieCode_20","CoropgebiedCode_21","Gemeentecode_22","Naam_23","GemeenteGrootteklasseCode_24","StedelijkheidVanGemeentenCode_25"
"GM1680","2022JJ00",24268,15294,5675,2131,1780,91,124,134,2,3544,3366,178,1793,1506,719,747,35,5,1,22,7,1680,"Aa en Hunze                             ",4,5
"GM0358","2022JJ00",26414,17101,4654,2349,1917,175,198,44,15,2305,2006,299,1442,3217,1468,1709,33,7,3,27,23,358,"Aalsmeer                                ",4,4
"GM0197","2022JJ00",22475,14689,4746,1991,1745,88,54,102,2,2755,2684,71,1442,1598,893,659,36,10,2,25,14,197,"Aalten                                  ",4,4
"GM0059","2022JJ00",26108,15159,6705,2963,2498,142,142,157,24,3742,3563,179,1299,2945,1513,1364,61,7,1,21,4,59,"Achtkarspelen                           ",4,5
"GM0482","2022JJ00",14533,9347,3364,1748,1186,79,417,38,28,1616,1122,494,629,1193,644,522,18,9,3,28,30,482,"Alblasserdam                            ",4,2
"GM0613","2022JJ00",18160,12845,2449,1164,897,48,138,77,4,1285,1175,110,1010,1856,1253,576,22,5,3,28,29,613,"Albrandswaard                           ",4,3
"GM0361","2022JJ00",84491,58341,13331,7789,6231,473,309,757,19,5542,5052,490,4500,8319,5358,2825,110,26,3,27,19,361,"Alkmaar                                 ",6,2
"GM0141","2022JJ00",53678,35811,10070,4541,3744,195,418,180,4,5529,4469,1060,2541,5256,4012,1162,72,10,2,23,12,141,"Almelo                                  ",5,2
"GM0034","2022JJ00",319521,257853,40032,33178,31817,653,351,341,16,6854,6450,404,7184,14452,11575,2765,81,31,2,24,40,34,"Almere                                  ",7,2
"GM0484","2022JJ00",84644,54902,16350,7606,6141,548,643,249,25,8744,7428,1316,4890,8502,5415,2955,104,28,3,28,28,484,"Alphen aan den Rijn                     ",6,2
"GM1723","2022JJ00",10247,6396,2396,1076,950,54,28,44,0,1320,1276,44,662,793,356,419,14,4,4,30,34,1723,"AlphenChaam                             ",3,5
"GM1959","2022JJ00",50233,30498,12921,6125,4792,407,660,255,11,6796,5866,930,2314,4500,2642,1739,102,17,4,30,34,1959,"Altena                                  ",5,4
"GM0060","2022JJ00",3720,1986,863,475,405,35,16,19,0,388,364,24,320,551,388,152,7,4,1,21,4,60,"Ameland                                 ",1,5
"GM0307","2022JJ00",165535,124215,25033,18740,17120,333,277,399,611,6293,5968,325,5568,10719,8114,2470,102,33,3,26,17,307,"Amersfoort                              ",7,2
"GM0362","2022JJ00",50062,38710,4202,2432,2083,133,93,105,18,1770,1657,113,2054,5096,2498,2510,71,17,3,27,23,362,"Amstelveen                              ",5,1
"GM0363","2022JJ00",347723,246065,34021,23769,20761,946,706,1073,283,10252,9092,1160,19052,48585,25303,21758,1267,257,3,27,23,363,"Amsterdam                               ",8,1
"GM0200","2022JJ00",126183,83796,22780,10757,8402,935,608,772,40,12023,11063,960,6886,12721,10316,2231,130,44,2,25,13,200,"Apeldoorn                               ",7,2
"GM0003","2022JJ00",0,0,0,0,0,0,0,0,0,0,0,0,0,0,0,0,0,0,NA,NA,NA,NA,"                                        ",NA,NA
"GM0202","2022JJ00",95866,68571,10801,6132,4638,601,175,714,4,4669,4483,186,4344,12150,9519,2500,106,25,2,25,15,202,"Arnhem                                  ",7,2
"GM0106","2022JJ00",49494,34112,7807,3299,2618,170,206,262,43,4508,4200,308,3390,4185,2981,1147,46,11,1,22,7,106,"Assen                                   ",5,2
"GM0743","2022JJ00",15389,9416,4209,1883,1455,96,262,70,0,2326,1795,531,731,1033,662,347,21,3,4,30,36,743,"Asten                                   ",3,3
"GM0744","2022JJ00",6829,4263,1661,789,669,37,43,36,4,872,829,43,347,558,336,210,11,1,4,30,34,744,"BaarleNassau                            ",2,5
"GM0308","2022JJ00",16921,12442,2123,1006,917,23,22,39,5,1117,1092,25,929,1427,859,529,35,4,3,26,17,308,"Baarn                                   ",4,2
"GM0489","2022JJ00",36229,23933,6862,3214,2308,275,549,74,8,3648,2308,1340,1585,3849,2778,1031,29,11,3,28,29,489,"Barendrecht                             ",4,2
"GM0203","2022JJ00",52719,30032,15841,7372,5821,373,822,311,45,8469,6777,1692,2753,4093,2338,1613,127,15,2,25,13,203,"Barneveld                               ",5,4
"GM0888","2022JJ00",13547,9543,2092,970,794,57,67,51,1,1122,996,126,747,1165,711,432,19,3,4,31,39,888,"Beek                                    ",3,4
"GM1954","2022JJ00",31905,21986,5341,2395,2037,148,105,104,1,2946,2793,153,1952,2626,1632,926,57,11,4,31,39,1954,"Beekdaelen                              ",4,4
"GM0370","2022JJ00",0,0,0,0,0,0,0,0,0,0,0,0,0,0,0,0,0,0,NA,NA,NA,NA,"                                        ",NA,NA
"GM0889","2022JJ00",10402,7236,1784,683,535,41,71,36,0,1101,1000,101,556,826,466,336,24,0,4,31,37,889,"Beesel                                  ",3,4
"GM1945","2022JJ00",27757,18820,4218,1988,1735,65,59,122,7,2230,2176,54,1430,3289,1963,1264,57,5,2,25,15,1945,"Berg en Dal                             ",4,4
"GM1724","2022JJ00",18900,11109,4751,2057,1805,64,86,86,16,2694,2494,200,1149,1891,1087,757,30,17,4,30,36,1724,"Bergeijk                                ",3,4
"GM0893","2022JJ00",12539,7946,2777,1081,887,50,75,68,1,1696,1603,93,755,1061,580,453,27,1,4,31,37,893,"Bergen (L.)                             ",3,5
"GM0373","2022JJ00",23538,16297,3423,1604,1361,64,28,151,0,1819,1799,20,1465,2353,1450,859,33,11,3,27,19,373,"Bergen (NH.)                            ",4,4
"GM0748","2022JJ00",48358,33475,8033,3399,2674,231,250,202,42,4634,3885,749,2359,4491,3254,1139,85,13,4,30,33,748,"Bergen op Zoom                          ",5,2
"GM1859","2022JJ00",38789,25256,8793,3541,2957,182,229,168,5,5252,4941,311,2450,2290,1095,1129,50,16,2,25,14,1859,"Berkelland                              ",4,4
"GM1721","2022JJ00",29356,17523,7717,3467,2927,191,179,167,3,4250,4017,233,1645,2471,1713,699,49,10,4,30,35,1721,"Bernheze                                ",4,4
"GM0753","2022JJ00",23339,16000,3765,1666,1417,98,80,70,1,2099,1986,113,1252,2322,1752,546,19,5,4,30,36,753,"Best                                    ",4,3
"GM0209","2022JJ00",20696,14147,3558,1524,1233,87,125,79,0,2034,1844,190,1145,1846,1405,404,32,5,2,25,15,209,"Beuningen                               ",4,3
"GM0375","2022JJ00",30581,19949,5548,2928,2166,263,390,108,1,2620,1749,871,1650,3434,2352,1026,45,11,3,27,20,375,"Beverwijk                               ",4,1
"GM0310","2022JJ00",30084,21468,4771,2217,1757,105,214,141,0,2554,2320,234,1485,2360,1172,1132,36,20,3,26,17,310,"De Bilt                                 ",4,3
"GM1728","2022JJ00",20456,12207,5168,2416,1892,135,269,118,2,2752,2303,449,1221,1860,1143,679,33,5,4,30,36,1728,"Bladel                                  ",4,4
"GM0376","2022JJ00",9421,7115,1040,505,381,27,7,90,0,535,520,15,398,868,483,359,23,3,3,27,24,376,"Blaricum                                ",3,3
"GM0377","2022JJ00",15683,12360,1193,516,472,5,1,38,0,677,674,3,758,1372,962,384,19,7,3,27,21,377,"Bloemendaal                             ",4,3
"GM1901","2022JJ00",28963,17711,7053,3279,2544,220,415,87,13,3774,3186,588,1733,2466,1378,1047,20,21,3,28,28,1901,"BodegravenReeuwijk                      ",4,3
"GM0755","2022JJ00",10947,6104,2781,1362,1152,54,71,85,0,1419,1326,93,842,1220,795,408,12,5,4,30,35,755,"Boekel                                  ",3,4
"GM1681","2022JJ00",25881,15527,6625,2628,2210,120,142,155,1,3997,3858,139,1803,1926,1003,848,56,19,1,22,8,1681,"BorgerOdoorn                            ",4,5
"GM0147","2022JJ00",18654,12442,3748,1479,1211,77,98,86,7,2269,2210,59,1118,1346,872,455,17,2,2,23,12,147,"Borne                                   ",4,3
"GM0654","2022JJ00",23153,13282,6042,2832,2279,139,262,117,35,3210,2757,453,1462,2367,1336,997,28,6,3,29,32,654,"Borsele                                 ",4,5
"GM0756","2022JJ00",0,0,0,0,0,0,0,0,0,0,0,0,0,0,0,0,0,0,NA,NA,NA,NA,"                                        ",NA,NA
"GM0757","2022JJ00",25958,16661,5716,2617,2082,132,202,196,5,3099,2721,378,1345,2236,1576,606,50,4,4,30,35,757,"Boxtel                                  ",4,3
"GM0758","2022JJ00",190589,147288,25466,16957,15266,413,777,474,27,8509,7331,1178,5934,11901,7405,3778,123,595,4,30,33,758,"Breda                                   ",7,2
"GM0501","2022JJ00",15057,9988,2620,1253,952,41,83,177,0,1367,1260,107,816,1633,924,678,22,9,3,28,29,501,"Brielle                                 ",3,4
"GM1876","2022JJ00",36455,22108,9056,3890,3359,148,200,182,1,5166,4958,208,2701,2590,1418,1141,20,11,2,25,14,1876,"Bronckhorst                             ",4,5
"GM0213","2022JJ00",17885,11734,3760,1408,1170,61,101,75,1,2352,1966,386,1119,1272,691,556,20,5,2,25,14,213,"Brummen                                 ",4,4
"GM0899","2022JJ00",21409,15553,2423,1174,1011,47,33,75,8,1249,1196,53,1300,2133,1417,645,66,5,4,31,39,899,"Brunssum                                ",4,2
"GM0312","2022JJ00",11115,7490,2170,1013,869,39,33,57,15,1157,1115,42,555,900,411,467,17,5,3,26,17,312,"Bunnik                                  ",3,4
"GM0313","2022JJ00",16166,10106,3822,1977,1540,217,141,79,0,1845,1622,223,590,1648,1293,327,21,7,3,26,17,313,"Bunschoten                              ",4,3
"GM0214","2022JJ00",27514,16192,7578,3452,2596,273,409,174,0,4126,3573,553,1533,2211,1094,1053,51,13,2,25,16,214,"Buren                                   ",4,5
"GM0502","2022JJ00",43001,31110,5010,2808,2561,97,66,81,3,2202,2118,84,1917,4964,3510,1394,48,12,3,28,29,502,"Capelle aan den IJssel                  ",5,2
"GM0383","2022JJ00",26935,17918,5225,2160,1520,124,394,122,0,3065,2292,773,1822,1970,1156,780,28,6,3,27,20,383,"Castricum                               ",4,3
"GM0109","2022JJ00",32914,20086,7887,3111,2627,119,206,158,1,4776,4260,516,2468,2473,1587,821,54,11,1,22,8,109,"Coevorden                               ",4,4
"GM1706","2022JJ00",19073,12187,4305,1960,1657,84,115,104,0,2345,2132,213,1146,1435,961,426,39,9,4,30,36,1706,"Cranendonck                             ",4,4
"GM1684","2022JJ00",0,0,0,0,0,0,0,0,0,0,0,0,0,0,0,0,0,0,NA,NA,NA,NA,"                                        ",NA,NA
"GM0216","2022JJ00",19491,13875,3326,1546,1192,154,121,77,2,1780,1615,165,974,1316,768,520,24,4,2,25,16,216,"Culemborg                               ",4,3
"GM0148","2022JJ00",30126,16986,9094,3432,2570,224,392,140,106,5662,4869,793,2284,1762,693,1029,34,6,2,23,10,148,"Dalfsen                                 ",4,4
"GM1891","2022JJ00",16704,10187,3928,1696,1496,54,36,100,10,2232,2177,55,859,1730,951,728,49,2,1,21,4,1891,"Dantumadiel                             ",3,5
"GM0503","2022JJ00",48024,33920,5527,3110,2496,102,361,150,1,2417,1877,540,2487,6090,4123,1877,68,22,3,28,27,503,"Delft                                   ",6,1
"GM0010","2022JJ00",0,0,0,0,0,0,0,0,0,0,0,0,0,0,0,0,0,0,NA,NA,NA,NA,"                                        ",NA,NA
"GM0762","2022JJ00",29176,17493,7255,3489,2807,211,313,146,12,3766,3190,576,1609,2819,1877,881,51,10,4,30,36,762,"Deurne                                  ",4,4
"GM0150","2022JJ00",67163,46476,10622,4980,3527,167,282,256,748,5642,4867,775,3459,6606,5308,1207,78,13,2,23,11,150,"Deventer                                ",6,2
"GM0384","2022JJ00",15527,10637,1881,1146,930,73,25,79,39,735,624,111,893,2116,1157,925,24,10,3,27,23,384,"Diemen                                  ",4,1
"GM1774","2022JJ00",25854,15179,6689,3106,2581,191,222,89,23,3583,3296,287,1382,2604,1611,962,25,6,2,23,12,1774,"Dinkelland                              ",4,5
"GM1980","2022JJ00",66252,44294,11388,5348,4521,266,264,292,5,6040,5589,451,4351,6219,3596,2529,72,22,3,27,19,1980,"Dijk en Waard                           ",5,3
"GM0221","2022JJ00",8509,6007,1235,554,409,26,84,34,1,681,586,95,508,759,482,266,11,0,2,25,15,221,"Doesburg                                ",3,4
"GM0222","2022JJ00",47164,32140,8845,4217,3531,177,323,180,6,4628,4089,539,2374,3805,2921,823,54,7,2,25,14,222,"Doetinchem                              ",5,3
"GM0766","2022JJ00",21509,14705,3939,1680,1309,124,124,98,25,2259,2028,231,1289,1576,948,594,32,2,4,30,34,766,"Dongen                                  ",4,3
"GM0505","2022JJ00",87249,60251,13662,7780,6729,289,331,413,18,5882,5293,589,3791,9545,7179,2261,83,22,3,28,30,505,"Dordrecht                               ",6,1
"GM0498","2022JJ00",16791,10375,3985,1805,1544,91,91,76,3,2180,2029,151,1209,1222,587,597,32,6,3,27,18,498,"Drechterland                            ",3,4
"GM1719","2022JJ00",23621,15395,5139,2320,1979,81,149,104,7,2819,2611,208,1333,1754,1050,659,41,4,4,30,33,1719,"Drimmelen                               ",4,4
"GM0303","2022JJ00",34309,22606,7685,3056,2553,151,200,141,11,4629,4224,405,1942,2076,1215,811,41,9,2,24,40,303,"Dronten                                 ",4,4
"GM0225","2022JJ00",15978,10497,3286,1613,1287,96,157,71,2,1673,1439,234,881,1314,860,427,18,9,2,25,15,225,"Druten                                  ",3,4
"GM0226","2022JJ00",20543,13386,4322,1585,1099,158,284,44,0,2737,1837,900,1145,1690,1227,433,23,7,2,25,15,226,"Duiven                                  ",4,3
"GM1711","2022JJ00",28580,18966,5334,2412,1918,131,244,106,13,2922,2614,308,1691,2589,1649,874,58,8,4,31,38,1711,"EchtSusteren                            ",4,4
"GM0385","2022JJ00",25796,15752,5821,3270,2954,107,103,97,9,2551,2328,223,1119,3104,2324,729,41,10,3,27,23,385,"EdamVolendam                            ",4,3
"GM0228","2022JJ00",94789,60431,21018,10546,8341,835,940,408,22,10472,9224,1248,4703,8637,5175,3241,195,26,2,25,13,228,"Ede                                     ",6,2
"GM0317","2022JJ00",8498,5292,1688,809,728,45,13,23,0,879,856,23,496,1022,547,460,12,3,3,26,17,317,"Eemnes                                  ",2,4
"GM1979","2022JJ00",36168,23797,7089,2856,2464,70,142,179,1,4233,4023,210,2667,2615,1376,1115,98,26,1,20,2,1979,"Eemsdelta                               ",4,4
"GM0770","2022JJ00",19019,11536,4731,2075,1687,110,181,97,0,2656,2162,494,1186,1566,967,569,27,3,4,30,36,770,"Eersel                                  ",3,4
"GM1903","2022JJ00",21807,14953,3672,1709,1348,127,95,137,2,1963,1818,145,1161,2021,1274,710,29,8,4,31,39,1903,"EijsdenMargraten                        ",4,5
"GM0772","2022JJ00",146032,103077,21098,12091,8813,1508,750,1011,9,9007,7457,1550,6847,15010,12190,2605,182,33,4,30,36,772,"Eindhoven                               ",7,1
"GM0230","2022JJ00",19493,12483,4389,1830,1569,72,90,99,0,2559,2479,80,943,1678,1083,553,30,12,2,25,13,230,"Elburg                                  ",4,4
"GM0114","2022JJ00",90766,57835,18987,7989,6573,372,604,437,3,10998,9945,1053,5334,8610,6231,2221,131,27,1,22,8,114,"Emmen                                   ",6,4
"GM0388","2022JJ00",12049,8370,2062,999,896,24,25,54,0,1063,1035,28,626,991,591,372,23,5,3,27,18,388,"Enkhuizen                               ",3,3
"GM0153","2022JJ00",101363,69508,15275,7044,5666,506,387,484,1,8231,7465,766,5181,11399,8564,2670,138,27,2,23,12,153,"Enschede                                ",7,2
"GM0232","2022JJ00",29807,18767,6763,2798,2329,130,181,158,0,3965,3681,284,1455,2822,1766,986,50,20,2,25,13,232,"Epe                                     ",4,4
"GM0233","2022JJ00",21852,14016,4983,2248,1564,206,373,102,3,2735,2229,506,1267,1586,1050,496,34,6,2,25,13,233,"Ermelo                                  ",4,4
"GM0777","2022JJ00",32437,22663,5761,2628,2040,213,281,91,3,3133,2541,592,1721,2292,1400,848,32,12,4,30,33,777,"EttenLeur                               ",4,2
"GM1940","2022JJ00",46407,28922,11219,5079,4336,211,245,269,18,6140,5814,326,2893,3373,1814,1467,74,18,1,21,5,1940,"De Fryske Marren                        ",5,4
"GM0779","2022JJ00",17237,11857,3352,1524,1234,54,170,63,3,1828,1562,266,892,1136,679,415,40,2,4,30,33,779,"Geertruidenberg                         ",4,3
"GM1771","2022JJ00",32364,21966,5661,2774,2350,111,162,144,7,2887,2602,285,1626,3111,2457,597,50,7,4,30,36,1771,"GeldropMierlo                           ",4,3
"GM1652","2022JJ00",28482,17007,6748,3280,2663,199,233,181,4,3468,3139,329,1836,2891,1856,990,43,2,4,30,36,1652,"GemertBakel                             ",4,4
"GM0907","2022JJ00",15311,9615,3747,1321,937,111,166,107,0,2426,1603,823,820,1129,639,459,30,1,4,31,37,907,"Gennep                                  ",3,4
"GM0784","2022JJ00",21390,14199,4294,1963,1499,97,171,195,1,2331,2035,296,1412,1485,803,668,11,3,4,30,34,784,"Gilze en Rijen                          ",4,3
"GM1924","2022JJ00",44767,27938,10267,4632,3636,189,570,170,67,5635,4809,826,2614,3948,2380,1475,83,10,3,28,29,1924,"GoereeOverflakkee                       ",5,4
"GM0664","2022JJ00",31337,21362,5554,2857,2456,129,150,121,1,2697,2542,155,1628,2793,1834,912,36,11,3,29,32,664,"Goes                                    ",4,3
"GM0785","2022JJ00",18072,12534,3088,1346,1132,79,60,74,1,1742,1672,70,1060,1390,896,475,15,4,4,30,34,785,"Goirle                                  ",4,3
"GM1942","2022JJ00",38202,29143,3912,2029,1813,47,14,155,0,1883,1842,41,1920,3227,1612,1548,51,16,3,27,24,1942,"Gooise Meren                            ",5,2
"GM0512","2022JJ00",25211,17569,4054,2135,1873,93,76,88,5,1919,1778,141,1183,2405,1766,596,36,7,3,28,30,512,"Gorinchem                               ",4,2
"GM0513","2022JJ00",41159,29348,5598,2813,2450,93,98,169,3,2785,2554,231,2360,3853,2649,1159,29,16,3,28,28,513,"Gouda                                   ",5,1
"GM0786","2022JJ00",0,0,0,0,0,0,0,0,0,0,0,0,0,0,0,0,0,0,NA,NA,NA,NA,"                                        ",NA,NA
"GM0518","2022JJ00",275241,200418,30388,22289,20336,462,622,718,151,8099,7360,739,10819,33616,26621,6623,302,70,3,28,26,518,"sGravenhage                             ",8,1
"GM0014","2022JJ00",138149,96408,21269,12751,10970,402,309,763,307,8518,8002,516,6281,14191,9793,4122,128,148,1,20,3,14,"Groningen                               ",7,1
"GM1729","2022JJ00",12015,8363,1892,865,733,43,34,53,2,1027,992,35,656,1104,745,341,15,3,4,31,39,1729,"GulpenWittem                            ",3,5
"GM0158","2022JJ00",20956,13468,4650,1910,1612,77,115,106,0,2740,2580,160,1408,1430,819,591,13,7,2,23,12,158,"Haaksbergen                             ",4,3
"GM0788","2022JJ00",0,0,0,0,0,0,0,0,0,0,0,0,0,0,0,0,0,0,NA,NA,NA,NA,"                                        ",NA,NA
"GM0392","2022JJ00",87878,63523,9283,5744,4961,238,114,351,80,3539,3397,142,4930,10142,7314,2671,119,38,3,27,21,392,"Haarlem                                 ",7,1
"GM0394","2022JJ00",182822,125574,35700,22957,20310,1055,1096,458,38,12743,9146,3597,7314,14234,8472,5593,133,36,3,27,23,394,"Haarlemmermeer                          ",7,2
"GM1655","2022JJ00",26299,17332,5387,2383,1934,129,226,88,6,3004,2589,415,1483,2097,1173,889,30,5,4,30,33,1655,"Halderberge                             ",4,4
"GM0160","2022JJ00",54988,33607,14188,5887,4703,329,588,266,1,8301,7321,980,3821,3372,1841,1431,83,17,2,23,10,160,"Hardenberg                              ",5,4
"GM0243","2022JJ00",34952,23220,6710,2970,2426,120,278,145,1,3740,3328,412,1861,3161,2465,656,35,5,2,25,13,243,"Harderwijk                              ",4,2
"GM0523","2022JJ00",14336,8845,3681,1673,1391,112,120,34,16,2008,1814,194,644,1166,667,472,23,4,3,28,30,523,"HardinxveldGiessendam                   ",3,4
"GM0072","2022JJ00",11787,7529,2409,1173,950,65,73,82,3,1236,1121,115,706,1143,685,408,38,12,1,21,4,72,"Harlingen                               ",3,3
"GM0244","2022JJ00",9674,6325,1798,653,556,29,16,52,0,1145,1124,21,609,942,564,357,16,5,2,25,13,244,"Hattem                                  ",3,4
"GM0396","2022JJ00",27404,19250,3784,1770,1544,47,70,109,0,2014,1903,111,1647,2723,1748,927,40,8,3,27,20,396,"Heemskerk                               ",4,2
"GM0397","2022JJ00",16910,13499,1309,608,514,52,4,38,0,701,678,23,767,1335,951,358,23,3,3,27,21,397,"Heemstede                               ",4,2
"GM0246","2022JJ00",16632,10483,3540,1389,1176,72,77,61,3,2151,2069,82,1008,1601,955,598,42,6,2,25,13,246,"Heerde                                  ",3,4
"GM0074","2022JJ00",43770,26996,11506,5622,3197,314,655,277,1179,5884,4713,1171,2293,2975,1443,1462,58,12,1,21,6,74,"Heerenveen                              ",5,3
"GM0398","2022JJ00",0,0,0,0,0,0,0,0,0,0,0,0,0,0,0,0,0,0,NA,NA,NA,NA,"                                        ",NA,NA
"GM0917","2022JJ00",61986,45006,7517,3865,3127,237,235,260,6,3652,3183,469,3211,6252,4013,2009,198,32,4,31,39,917,"Heerlen                                 ",5,2
"GM1658","2022JJ00",14724,9557,3203,1337,1148,58,59,69,3,1866,1765,101,838,1126,756,349,14,7,4,30,36,1658,"HeezeLeende                             ",3,4
"GM0399","2022JJ00",16808,11989,2412,1000,864,46,24,66,0,1412,1384,28,1066,1341,870,452,12,7,3,27,19,399,"Heiloo                                  ",4,3
"GM0400","2022JJ00",37898,26206,5100,2356,2080,65,47,154,10,2744,2679,65,2414,4178,2754,1315,90,19,3,27,18,400,"Den Helder                              ",5,2
"GM0163","2022JJ00",30908,20243,6569,2598,2150,102,198,140,8,3971,3729,242,2024,2072,1153,886,27,6,2,23,12,163,"Hellendoorn                             ",4,4
"GM0530","2022JJ00",31182,21167,4382,1681,1371,40,176,94,0,2701,2289,412,1743,3890,2483,1349,49,9,3,28,29,530,"Hellevoetsluis                          ",4,2
"GM0794","2022JJ00",65953,45703,9831,4955,4241,210,285,208,11,4876,4307,569,3024,7395,6074,1219,86,16,4,30,36,794,"Helmond                                 ",5,2
"GM0531","2022JJ00",20427,14959,2574,1134,1033,25,26,50,0,1440,1412,28,1011,1883,1234,620,24,5,3,28,30,531,"HendrikIdoAmbacht                       ",4,2
"GM0164","2022JJ00",68308,49263,10204,5051,4349,260,213,222,7,5153,4963,190,3697,5144,3677,1377,78,12,2,23,12,164,"Hengelo                                 ",5,2
"GM0796","2022JJ00",117738,84015,18164,10058,8486,708,342,515,7,8106,7533,573,4540,11019,9007,1821,156,35,4,30,35,796,"sHertogenbosch                          ",7,2
"GM0252","2022JJ00",12717,8823,2372,879,708,42,63,51,15,1493,1414,79,673,849,596,232,20,1,2,25,15,252,"Heumen                                  ",3,4
"GM0797","2022JJ00",38075,25466,7169,3368,2810,167,252,137,2,3801,3469,332,1909,3531,2368,1084,69,10,4,30,35,797,"Heusden                                 ",4,3
"GM0534","2022JJ00",17600,11822,2690,1394,1121,101,124,48,0,1296,1105,191,1139,1949,1223,690,35,1,3,28,25,534,"Hillegom                                ",4,2
"GM0798","2022JJ00",16640,9199,5290,1915,1427,125,279,83,1,3375,1927,1448,812,1339,741,573,22,3,4,30,34,798,"Hilvarenbeek                            ",3,4
"GM0402","2022JJ00",56898,40569,7502,4908,3144,103,64,185,1412,2594,2523,71,3050,5777,3436,2234,77,30,3,27,24,402,"Hilversum                               ",5,1
"GM1963","2022JJ00",73513,48009,15335,6618,5418,301,571,307,21,8717,7296,1421,4064,6105,2717,3238,119,31,3,28,29,1963,"Hoeksche Waard                          ",5,4
"GM1735","2022JJ00",31810,20215,7259,2945,2530,101,167,131,16,4314,3988,326,1855,2481,1385,1035,49,12,2,23,12,1735,"Hof van Twente                          ",4,4
"GM1966","2022JJ00",39546,25094,9054,3785,3272,112,169,224,8,5269,4995,274,2536,2862,1273,1473,85,31,1,20,3,1966,"Het Hogeland                            ",4,5
"GM1911","2022JJ00",46662,27346,12730,5906,4494,422,722,253,15,6824,5861,963,3241,3345,1422,1787,111,25,3,27,18,1911,"Hollands Kroon                          ",4,5
"GM0118","2022JJ00",46482,28613,10628,4728,3943,201,323,234,27,5900,5415,485,2579,4662,3614,960,83,5,1,22,9,118,"Hoogeveen                               ",5,3
"GM0405","2022JJ00",50823,34323,9541,5279,4771,179,135,194,0,4262,4073,189,2655,4304,2637,1562,84,21,3,27,18,405,"Hoorn                                   ",5,2
"GM1507","2022JJ00",41415,25383,10042,3705,2872,259,361,189,24,6337,4647,1690,2470,3520,1849,1584,73,14,4,31,37,1507,"Horst aan de Maas                       ",4,4
"GM0321","2022JJ00",91416,73165,11803,9099,8732,160,118,88,1,2704,2579,125,1694,4754,3357,1360,28,9,3,26,17,321,"Houten                                  ",5,2
"GM0406","2022JJ00",29554,21919,3701,1739,1529,35,37,138,0,1962,1913,49,1597,2337,1235,1053,38,11,3,27,24,406,"Huizen                                  ",4,2
"GM0677","2022JJ00",23415,16249,4256,1842,1498,95,174,74,1,2414,2152,262,1272,1638,810,755,59,14,3,29,31,677,"Hulst                                   ",4,4
"GM0353","2022JJ00",21350,15465,2981,1486,1313,67,48,58,0,1495,1444,51,1209,1695,849,808,31,7,3,26,17,353,"IJsselstein                             ",4,2
"GM1884","2022JJ00",23100,14838,4676,2261,1859,181,125,96,0,2415,2276,139,1459,2127,1138,945,31,13,3,28,25,1884,"Kaag en Braassem                        ",4,4
"GM0166","2022JJ00",39370,24274,9300,3984,3174,192,447,171,0,5316,4531,785,2050,3746,2516,1177,42,11,2,23,10,166,"Kampen                                  ",5,3
"GM0678","2022JJ00",11280,7138,2375,1072,897,38,77,46,14,1303,1173,130,766,1001,517,468,10,6,3,29,32,678,"Kapelle                                 ",3,4
"GM0537","2022JJ00",42676,27041,6973,4036,3001,484,425,107,19,2937,2483,454,2165,6497,5482,938,61,16,3,28,25,537,"Katwijk                                 ",5,2
"GM0928","2022JJ00",33410,24113,4454,2091,1662,99,235,74,21,2363,1762,601,1839,3004,1766,1125,104,9,4,31,39,928,"Kerkrade                                ",4,2
"GM1598","2022JJ00",21696,12685,5783,2656,2184,162,194,113,3,3127,2844,283,1572,1656,660,957,29,10,3,27,18,1598,"Koggenland                              ",4,5
"GM0542","2022JJ00",20130,13849,2790,1228,1010,96,64,58,0,1562,1481,81,1035,2456,1443,966,33,14,3,28,29,542,"Krimpen aan den IJssel                  ",4,2
"GM1931","2022JJ00",47399,28516,11714,5263,4104,277,678,204,0,6451,5202,1249,2741,4428,2165,2158,78,27,3,28,28,1931,"Krimpenerwaard                          ",5,4
"GM1659","2022JJ00",21013,12774,4798,2107,1669,166,168,104,0,2691,2401,290,1228,2213,1499,675,34,5,4,30,36,1659,"Laarbeek                                ",4,4
"GM1685","2022JJ00",0,0,0,0,0,0,0,0,0,0,0,0,0,0,0,0,0,0,NA,NA,NA,NA,"                                        ",NA,NA
"GM0882","2022JJ00",29164,21135,3910,1778,1406,88,162,122,0,2132,1810,322,1637,2482,1577,805,93,7,4,31,39,882,"Landgraaf                               ",4,3
"GM1982","2022JJ00",79992,51081,17636,7529,5760,591,769,396,13,10107,8711,1396,4686,6589,3892,2541,134,22,4,30,35,1982,"Land van Cuijk                          ",5,4
"GM0415","2022JJ00",8400,5597,1333,592,527,12,24,28,1,741,709,32,563,907,495,398,9,5,3,27,23,415,"Landsmeer                               ",3,3
"GM0416","2022JJ00",0,0,0,0,0,0,0,0,0,0,0,0,0,0,0,0,0,0,NA,NA,NA,NA,"                                        ",NA,NA
"GM1621","2022JJ00",49274,31746,9672,4720,3506,333,698,178,5,4952,3730,1222,2445,5411,3251,2102,41,17,3,28,29,1621,"Lansingerland                           ",5,3
"GM0417","2022JJ00",8847,6864,799,417,380,12,3,22,0,382,379,3,385,799,423,353,21,2,3,27,24,417,"Laren                                   ",3,3
"GM0080","2022JJ00",82771,57121,14711,7117,6022,396,192,498,9,7594,7237,357,4124,6815,4468,2135,113,99,1,21,4,80,"Leeuwarden                              ",6,2
"GM0546","2022JJ00",58914,40277,6188,3600,3140,127,51,282,0,2588,2531,57,3068,9381,7360,1925,66,30,3,28,25,546,"Leiden                                  ",6,1
"GM0547","2022JJ00",18350,13068,2049,1179,1096,26,21,36,0,870,849,21,1045,2188,1662,509,9,8,3,28,25,547,"Leiderdorp                              ",4,1
"GM1916","2022JJ00",48189,35687,5337,3382,3099,86,61,136,0,1955,1885,70,2351,4814,3464,1290,52,8,3,28,26,1916,"LeidschendamVoorburg                    ",5,1
"GM0995","2022JJ00",53981,37382,7770,3633,3248,77,85,215,8,4137,4020,117,2948,5881,4667,1101,100,13,2,24,40,995,"Lelystad                                ",5,3
"GM1640","2022JJ00",34331,21488,7611,3192,2567,225,251,137,12,4419,3986,433,2013,3219,1731,1430,48,10,4,31,38,1640,"Leudal                                  ",4,5
"GM0327","2022JJ00",22639,16098,3313,1327,1149,32,52,94,0,1986,1942,44,1545,1683,1130,534,11,8,3,26,17,327,"Leusden                                 ",4,3
"GM1705","2022JJ00",38057,24705,7086,2876,2188,196,366,126,0,4210,3596,614,2236,4030,2910,1069,36,15,2,25,15,1705,"Lingewaard                              ",4,4
"GM0553","2022JJ00",17612,11982,2658,1413,1211,82,76,44,0,1245,1179,66,1035,1937,1210,704,20,3,3,28,25,553,"Lisse                                   ",4,2
"GM0262","2022JJ00",29615,19732,6092,2269,1822,108,181,158,0,3823,3601,222,2047,1744,1055,630,46,13,2,25,14,262,"Lochem                                  ",4,4
"GM0809","2022JJ00",19768,13216,3664,1570,1369,68,40,92,1,2094,2032,62,1098,1790,1221,536,31,2,4,30,34,809,"Loon op Zand                            ",4,3
"GM0331","2022JJ00",14523,7794,4598,2106,1616,163,234,92,1,2492,2128,364,792,1339,579,726,29,5,3,26,17,331,"Lopik                                   ",3,5
"GM0024","2022JJ00",0,0,0,0,0,0,0,0,0,0,0,0,0,0,0,0,0,0,NA,NA,NA,NA,"                                        ",NA,NA
"GM0168","2022JJ00",19183,12576,3561,1270,1107,47,43,68,5,2291,2256,35,1066,1980,1327,623,25,5,2,23,12,168,"Losser                                  ",4,4
"GM0263","2022JJ00",25039,14710,6883,3393,2563,231,389,139,71,3490,2977,513,1257,2189,1404,733,43,9,2,25,16,263,"Maasdriel                               ",4,5
"GM1641","2022JJ00",21473,14368,3839,1726,1443,101,90,88,4,2113,1998,115,1294,1972,1196,739,29,8,4,31,38,1641,"Maasgouw                                ",4,5
"GM1991","2022JJ00",55452,34589,13492,6924,5528,489,614,287,6,6568,5502,1066,2943,4428,3105,1245,64,14,4,30,35,1991,"Maashorst                               ",5,3
"GM0556","2022JJ00",21261,15583,2302,1207,1031,36,77,54,9,1095,1030,65,939,2437,1625,784,24,4,3,28,29,556,"Maassluis                               ",4,2
"GM0935","2022JJ00",68333,46324,7761,3978,3289,212,232,236,9,3783,3369,414,2680,11568,8709,2660,170,29,4,31,39,935,"Maastricht                              ",6,1
"GM0420","2022JJ00",42790,24310,12594,5898,3829,498,1328,238,5,6696,4745,1951,2662,3224,1262,1865,87,10,3,27,18,420,"Medemblik                               ",4,4
"GM0938","2022JJ00",16100,10614,2841,1475,1210,140,64,60,1,1366,1184,182,915,1730,1179,513,31,7,4,31,39,938,"Meerssen                                ",3,4
"GM1948","2022JJ00",75764,46493,19552,9147,7203,536,1038,343,27,10405,7854,2551,3969,5750,3826,1809,95,20,4,30,35,1948,"Meierijstad                             ",5,3
"GM0119","2022JJ00",25565,17584,4706,2114,1671,112,217,107,7,2592,2406,186,1523,1752,1051,668,28,5,1,22,9,119,"Meppel                                  ",4,3
"GM0687","2022JJ00",34166,23120,5644,2648,2057,155,165,268,3,2996,2752,244,1752,3650,2578,1032,26,14,3,29,32,687,"Middelburg                              ",4,2
"GM1842","2022JJ00",15437,9511,3288,1773,1376,136,129,132,0,1515,1347,168,884,1754,965,771,12,6,3,28,27,1842,"MiddenDelfland                          ",3,3
"GM1731","2022JJ00",32154,19281,8392,3458,2970,116,211,157,4,4934,4596,338,2221,2260,1323,894,31,12,1,22,7,1731,"MiddenDrenthe                           ",4,5
"GM1952","2022JJ00",51805,33207,11303,4369,3552,224,276,305,12,6934,6391,543,3269,4026,2307,1541,141,37,1,20,3,1952,"MiddenGroningen                         ",5,4
"GM0815","2022JJ00",0,0,0,0,0,0,0,0,0,0,0,0,0,0,0,0,0,0,NA,NA,NA,NA,"                                        ",NA,NA
"GM1709","2022JJ00",37488,22004,11117,4230,2883,264,896,149,38,6887,3852,3035,2011,2356,1199,1093,57,7,4,30,33,1709,"Moerdijk                                ",4,4
"GM1978","2022JJ00",41429,23666,11757,5209,3924,350,750,177,8,6548,5229,1319,2055,3951,2011,1859,62,19,3,28,30,1978,"Molenlanden                             ",4,5
"GM1955","2022JJ00",31744,20488,6756,2866,2257,214,262,123,10,3890,3366,524,1896,2604,1679,845,75,5,2,25,14,1955,"Montferland                             ",4,4
"GM0335","2022JJ00",11443,7070,2972,1437,1179,112,101,45,0,1535,1415,120,556,845,406,420,13,6,3,26,17,335,"Montfoort                               ",3,4
"GM0944","2022JJ00",6721,4729,1196,493,440,16,10,27,0,703,681,22,348,448,316,127,4,1,4,31,37,944,"Mook en Middelaar                       ",2,5
"GM1740","2022JJ00",21778,12610,6419,3133,2418,210,399,101,5,3286,2706,580,953,1796,1007,736,47,6,2,25,16,1740,"NederBetuwe                             ",4,5
"GM0946","2022JJ00",16747,10367,4065,1782,1484,98,112,86,2,2283,2079,204,961,1354,896,422,31,5,4,31,38,946,"Nederweert                              ",3,4
"GM0356","2022JJ00",44596,31896,6488,3592,3013,134,237,198,10,2896,2601,295,2091,4121,2364,1702,41,14,3,26,17,356,"Nieuwegein                              ",5,2
"GM0569","2022JJ00",26390,15909,6260,2974,2355,260,221,120,18,3286,2949,337,1829,2392,962,1385,37,8,3,28,28,569,"Nieuwkoop                               ",4,4
"GM0267","2022JJ00",36110,22631,8548,3858,3062,321,328,146,1,4690,4233,457,2048,2883,1852,960,62,9,2,25,13,267,"Nijkerk                                 ",4,3
"GM0268","2022JJ00",98017,71131,12405,6565,4873,441,732,510,9,5840,4425,1415,4657,9824,7316,2366,127,15,2,25,15,268,"Nijmegen                                ",7,2
"GM1930","2022JJ00",60210,42286,7705,3554,3086,105,206,150,7,4151,3669,482,3446,6773,3597,3091,69,16,3,28,29,1930,"Nissewaard                              ",5,2
"GM1970","2022JJ00",39835,24344,9636,4407,3757,215,216,219,0,5229,4903,326,2220,3635,1751,1770,103,11,1,21,4,1970,"NoardeastFryslân                        ",4,5
"GM1695","2022JJ00",7815,4726,1701,807,717,13,20,56,1,894,867,27,503,885,553,315,12,5,3,29,32,1695,"NoordBeveland                           ",2,5
"GM1699","2022JJ00",27016,17684,5716,2125,1789,76,102,154,4,3591,3416,175,1635,1981,999,935,33,14,1,22,7,1699,"Noordenveld                             ",4,4
"GM0171","2022JJ00",39889,25169,9713,4320,3717,132,225,229,17,5393,5073,320,2277,2730,1382,1283,56,9,2,24,40,171,"Noordoostpolder                         ",4,4
"GM0575","2022JJ00",34139,22652,5327,2961,2360,235,151,136,79,2366,2199,167,1759,4401,3068,1281,42,10,3,28,25,575,"Noordwijk                               ",4,3
"GM0820","2022JJ00",18949,13319,3194,1279,1126,45,48,60,0,1915,1850,65,994,1442,1145,279,15,3,4,30,36,820,"Nuenen, Gerwen en Nederwetten           ",4,3
"GM0302","2022JJ00",22475,14381,5400,2542,2182,124,120,103,13,2858,2756,102,1073,1621,1065,504,41,11,2,25,13,302,"Nunspeet                                ",4,4
"GM0579","2022JJ00",14804,10958,1785,882,488,76,279,39,0,903,638,265,650,1411,989,404,12,6,3,28,25,579,"Oegstgeest                              ",4,2
"GM0823","2022JJ00",17941,11133,4017,1814,1537,119,87,64,7,2203,2078,125,952,1839,1260,537,30,12,4,30,36,823,"Oirschot                                ",3,4
"GM0824","2022JJ00",26728,17743,5296,2289,1978,100,103,108,0,3007,2840,167,1421,2268,1555,673,35,5,4,30,34,824,"Oisterwijk                              ",4,4
"GM1895","2022JJ00",32230,21225,6663,2625,2144,139,185,153,4,4038,3780,258,2193,2149,1208,826,104,11,1,20,1,1895,"Oldambt                                 ",4,4
"GM0269","2022JJ00",20488,12118,5539,2423,1845,202,257,115,4,3116,2793,323,1142,1689,1131,533,20,5,2,25,13,269,"Oldebroek                               ",4,4
"GM0173","2022JJ00",27546,16601,7878,2437,1771,104,386,150,26,5441,2472,2969,1090,1977,1327,616,31,3,2,23,12,173,"Oldenzaal                               ",4,3
"GM1773","2022JJ00",15964,10029,3332,1286,1048,40,99,92,7,2046,1896,150,1030,1573,883,664,19,7,2,23,11,1773,"OlstWijhe                               ",3,5
"GM0175","2022JJ00",16650,10200,4246,1673,1368,73,138,93,1,2573,2342,231,1182,1022,537,450,30,5,2,23,10,175,"Ommen                                   ",3,4
"GM1586","2022JJ00",26778,16562,6845,3338,2461,330,280,263,4,3507,3140,367,1677,1694,907,742,41,4,2,25,14,1586,"Oost Gelre                              ",4,4
"GM0826","2022JJ00",45657,31432,8902,4269,3378,286,402,192,11,4633,3514,1119,2209,3114,2013,1024,69,8,4,30,33,826,"Oosterhout                              ",5,2
"GM0085","2022JJ00",24425,14608,6291,2541,1973,160,256,147,5,3750,3383,367,1809,1717,880,773,53,11,1,21,6,85,"Ooststellingwerf                        ",4,5
"GM0431","2022JJ00",7993,5072,1441,672,504,77,42,49,0,769,689,80,526,954,543,395,9,7,3,27,23,431,"Oostzaan                                ",2,3
"GM0432","2022JJ00",11289,6824,2682,1237,1017,68,57,94,1,1445,1371,74,906,877,322,527,25,3,3,27,18,432,"Opmeer                                  ",3,4
"GM0086","2022JJ00",27318,16715,6406,2615,2271,99,67,177,1,3791,3678,113,1838,2359,1008,1303,39,9,1,21,6,86,"Opsterland                              ",4,5
"GM0828","2022JJ00",78963,49551,18017,7838,6414,427,631,315,51,10179,7322,2857,3817,7578,5791,1586,179,22,4,30,35,828,"Oss                                     ",5,3
"GM1509","2022JJ00",33161,22002,6622,2934,2434,138,155,207,0,3688,3426,262,2159,2378,1449,884,42,3,2,25,14,1509,"Oude IJsselstreek                       ",4,4
"GM0437","2022JJ00",11961,7290,3092,2441,2231,83,72,32,23,651,564,87,481,1098,472,609,9,8,3,27,23,437,"OuderAmstel                             ",3,3
"GM0589","2022JJ00",8916,5182,2637,1310,977,168,130,35,0,1327,1150,177,444,653,328,307,15,3,3,26,17,589,"Oudewater                               ",3,4
"GM1734","2022JJ00",40697,27103,8113,3890,3049,287,239,257,58,4223,3980,243,2258,3223,2010,1137,61,15,2,25,15,1734,"Overbetuwe                              ",4,4
"GM0590","2022JJ00",23480,15832,4659,1773,1059,140,504,69,1,2886,1650,1236,1040,1949,1242,688,19,0,3,28,30,590,"Papendrecht                             ",4,2
"GM1894","2022JJ00",38912,24915,8468,3662,2942,212,303,165,40,4806,4307,499,2253,3276,2045,1174,50,7,4,31,37,1894,"Peel en Maas                            ",4,4
"GM0765","2022JJ00",10968,7029,2323,891,686,42,98,65,0,1432,1291,141,749,867,470,365,29,3,1,20,1,765,"Pekela                                  ",3,4
"GM1926","2022JJ00",38759,25770,5901,3128,2523,182,274,127,22,2773,2564,209,2276,4812,2767,2025,14,6,3,28,26,1926,"PijnackerNootdorp                       ",5,2
"GM0439","2022JJ00",66232,44778,10243,5374,4459,195,173,190,357,4869,4582,287,3724,7487,4492,2885,85,25,3,27,23,439,"Purmerend                               ",5,2
"GM0273","2022JJ00",21262,12727,5899,2654,2134,160,265,94,1,3245,2887,358,940,1696,1112,540,38,6,2,25,13,273,"Putten                                  ",4,4
"GM0177","2022JJ00",33041,20911,7401,3098,2515,179,195,160,49,4303,4051,252,2217,2512,1413,1056,32,11,2,23,11,177,"Raalte                                  ",4,4
"GM0703","2022JJ00",19662,11667,4867,2480,2086,97,228,69,0,2387,1993,394,1158,1970,1043,872,46,9,3,29,32,703,"Reimerswaal                             ",4,4
"GM0274","2022JJ00",23347,16811,3051,1313,1143,49,25,96,0,1738,1712,26,1423,2062,1359,662,36,5,2,25,15,274,"Renkum                                  ",4,4
"GM0339","2022JJ00",5502,3079,1742,903,710,49,125,19,0,839,668,171,264,417,193,215,8,1,3,26,17,339,"Renswoude                               ",2,4
"GM1667","2022JJ00",12703,7546,3349,1486,1217,62,129,77,1,1863,1692,171,743,1065,657,394,12,2,4,30,36,1667,"ReuselDe Mierden                        ",3,4
"GM0275","2022JJ00",31024,22246,4219,1891,1679,56,29,125,2,2328,2285,43,1698,2861,2012,797,42,10,2,25,15,275,"Rheden                                  ",4,3
"GM0340","2022JJ00",16310,10435,3288,1472,1286,64,58,64,0,1816,1746,70,844,1743,1055,646,34,8,3,26,17,340,"Rhenen                                  ",4,4
"GM0597","2022JJ00",36022,23509,7214,2949,2420,125,279,109,16,4265,3716,549,1649,3650,2484,1096,59,11,3,28,29,597,"Ridderkerk                              ",4,2
"GM1742","2022JJ00",33728,20077,9808,4050,2705,333,897,114,1,5758,4006,1752,1574,2269,1219,1011,32,7,2,23,12,1742,"RijssenHolten                           ",4,3
"GM0603","2022JJ00",39983,30669,3485,2249,2085,49,31,66,18,1236,1215,21,1748,4081,3031,1001,39,10,3,28,26,603,"Rijswijk                                ",5,1
"GM1669","2022JJ00",18450,12365,3204,1332,1094,53,101,81,3,1872,1697,175,1120,1761,1170,549,39,3,4,31,38,1669,"Roerdalen                               ",4,5
"GM0957","2022JJ00",42374,30050,6167,3103,2628,152,151,168,4,3064,2758,306,1870,4287,3161,1045,74,7,4,31,38,957,"Roermond                                ",5,2
"GM0736","2022JJ00",37201,24267,7748,3807,3049,308,299,147,4,3941,3550,391,2011,3175,1296,1818,41,20,3,26,17,736,"De Ronde Venen                          ",4,4
"GM1674","2022JJ00",61009,40069,13514,5686,4067,284,1021,301,13,7828,4561,3267,2806,4620,2882,1668,61,9,4,30,33,1674,"Roosendaal                              ",5,2
"GM0599","2022JJ00",355630,241078,60685,28095,23091,1195,2128,1294,387,32590,12887,19703,13869,39998,28626,10871,396,105,3,28,29,599,"Rotterdam                               ",8,1
"GM0277","2022JJ00",1409,1025,201,76,31,7,31,7,0,125,92,33,86,97,62,35,0,0,2,25,15,277,"Rozendaal                               ",1,4
"GM0840","2022JJ00",22105,13609,5210,2574,2088,153,144,175,14,2636,2304,332,1230,2056,1396,611,44,5,4,30,33,840,"Rucphen                                 ",4,4
"GM0441","2022JJ00",40621,25495,9359,4448,3747,190,244,265,2,4911,4566,345,2843,2924,1306,1524,79,15,3,27,18,441,"Schagen                                 ",4,4
"GM0279","2022JJ00",8833,5274,2385,1036,752,50,207,26,1,1349,906,443,500,674,384,278,7,5,2,25,13,279,"Scherpenzeel                            ",3,4
"GM0606","2022JJ00",45879,31555,6101,3821,3130,139,223,328,1,2280,1919,361,1957,6266,4852,1348,45,21,3,28,29,606,"Schiedam                                ",5,1
"GM0088","2022JJ00",573,354,135,85,78,4,0,2,1,50,50,0,18,66,29,33,3,1,1,21,4,88,"Schiermonnikoog                         ",1,5
"GM1676","2022JJ00",31370,19478,7163,3235,2805,122,114,168,26,3928,3776,152,1854,2875,1614,1170,52,39,3,29,32,1676,"SchouwenDuiveland                       ",4,5
"GM0965","2022JJ00",8335,6171,1028,478,406,22,13,26,11,550,530,20,524,612,349,246,15,2,4,31,39,965,"Simpelveld                              ",3,4
"GM1702","2022JJ00",0,0,0,0,0,0,0,0,0,0,0,0,0,0,0,0,0,0,NA,NA,NA,NA,"                                        ",NA,NA
"GM0845","2022JJ00",25068,16129,5433,2429,2074,160,88,107,0,3004,2894,110,1379,2127,1448,638,28,13,4,30,35,845,"SintMichielsgestel                      ",4,4
"GM1883","2022JJ00",78919,52566,14977,6465,5114,299,375,675,2,8512,7809,703,3764,7612,5317,2122,153,20,4,31,39,1883,"SittardGeleen                           ",5,2
"GM0610","2022JJ00",17653,12272,3174,1655,1440,84,70,60,1,1519,1427,92,739,1468,874,563,28,3,3,28,30,610,"Sliedrecht                              ",4,2
"GM1714","2022JJ00",21517,13579,4886,2260,1822,107,243,82,6,2626,2177,449,1039,2013,954,1002,46,11,3,29,31,1714,"Sluis                                   ",4,5
"GM0090","2022JJ00",51414,34112,11279,6278,5492,224,308,240,14,5001,4627,374,2265,3758,2272,1371,92,23,1,21,6,90,"Smallingerland                          ",5,3
"GM0342","2022JJ00",34950,24722,5448,2636,2147,168,141,179,1,2812,2568,244,1851,2929,1828,1043,45,13,3,26,17,342,"Soest                                   ",4,3
"GM0847","2022JJ00",18911,10938,5720,2554,2040,191,211,110,2,3166,2556,610,900,1353,896,421,33,3,4,30,36,847,"Someren                                 ",3,4
"GM0848","2022JJ00",16312,10460,3780,1610,990,327,198,95,0,2170,1750,420,824,1248,841,388,11,8,4,30,36,848,"Son en Breugel                          ",3,4
"GM0037","2022JJ00",27707,17454,6653,2870,2406,109,225,128,2,3783,3535,248,1726,1874,1079,711,78,6,1,20,1,37,"Stadskanaal                             ",4,4
"GM0180","2022JJ00",17565,9286,6108,2654,1998,166,364,125,1,3454,2686,768,956,1215,330,847,36,2,2,23,10,180,"Staphorst                               ",3,5
"GM0532","2022JJ00",14663,10219,2531,1109,977,60,28,43,1,1422,1380,42,888,1025,522,469,31,3,3,27,18,532,"Stede Broec                             ",4,3
"GM0851","2022JJ00",20735,13661,4151,1894,1613,94,92,93,2,2257,2130,127,1367,1556,835,685,25,11,4,30,33,851,"Steenbergen                             ",4,4
"GM1708","2022JJ00",39465,24150,9231,3824,3299,143,188,185,9,5407,5213,194,2598,3486,1961,1441,70,14,2,23,10,1708,"Steenwijkerland                         ",4,4
"GM0971","2022JJ00",22903,14887,4436,1786,1199,104,370,106,7,2650,1517,1133,1436,2144,1362,737,40,5,4,31,39,971,"Stein                                   ",4,4
"GM1904","2022JJ00",46728,32985,7311,3340,2897,169,109,163,2,3971,3755,216,2479,3953,2137,1731,66,19,3,26,17,1904,"Stichtse Vecht                          ",5,3
"GM1900","2022JJ00",72991,45757,18001,8331,7028,377,522,398,6,9670,8931,739,4199,5034,2528,2339,148,19,1,21,5,1900,"SúdwestFryslân                          ",5,4
"GM0715","2022JJ00",45653,30778,9247,3967,3059,217,424,265,2,5280,4328,952,2557,3071,1506,1448,107,10,3,29,31,715,"Terneuzen                               ",5,4
"GM0093","2022JJ00",4742,2491,1283,728,637,33,20,34,4,555,533,22,315,653,313,315,18,7,1,21,4,93,"Terschelling                            ",1,5
"GM0448","2022JJ00",16167,7352,5807,2671,1630,74,859,96,12,3136,1509,1627,752,2256,1480,702,50,24,3,27,18,448,"Texel                                   ",3,5
"GM1525","2022JJ00",28553,19983,4321,2336,1925,160,132,118,1,1985,1810,175,1488,2761,1848,875,22,16,3,28,25,1525,"Teylingen                               ",4,3
"GM0716","2022JJ00",22087,14030,4921,2588,2278,83,123,94,10,2333,2144,189,1220,1916,1080,789,36,11,3,29,32,716,"Tholen                                  ",4,5
"GM0281","2022JJ00",34873,24391,6280,3457,2842,214,275,110,16,2823,2333,490,1462,2740,1902,788,45,5,2,25,16,281,"Tiel                                    ",4,3
"GM0855","2022JJ00",167520,121156,25544,15410,12918,765,1011,683,33,10134,7980,2154,6405,14415,11094,3071,220,30,4,30,34,855,"Tilburg                                 ",7,1
"GM0183","2022JJ00",22005,12983,6112,3108,2709,130,166,82,21,3004,2815,189,1231,1679,786,863,20,10,2,23,12,183,"Tubbergen                               ",4,5
"GM1700","2022JJ00",29888,18341,7890,3237,2652,191,242,145,7,4653,4216,437,1565,2092,1107,924,54,7,2,23,12,1700,"Twenterand                              ",4,4
"GM1730","2022JJ00",33728,24169,6107,2403,2096,76,83,148,0,3704,3592,112,1586,1866,1071,754,32,9,1,22,7,1730,"Tynaarlo                                ",4,4
"GM0737","2022JJ00",28556,17433,7082,2934,2303,161,279,189,2,4148,3674,474,1683,2358,1148,1147,52,11,1,21,4,737,"Tytsjerksteradiel                       ",4,5
"GM0856","2022JJ00",0,0,0,0,0,0,0,0,0,0,0,0,0,0,0,0,0,0,NA,NA,NA,NA,"                                        ",NA,NA
"GM0450","2022JJ00",10130,6693,1883,900,803,31,26,39,1,983,940,43,663,891,556,324,10,1,3,27,20,450,"Uitgeest                                ",3,3
"GM0451","2022JJ00",22666,15777,3327,1641,1347,108,132,53,1,1686,1508,178,1368,2194,1029,1140,21,4,3,27,23,451,"Uithoorn                                ",4,3
"GM0184","2022JJ00",13308,7786,2900,1641,1408,55,127,50,1,1259,1090,169,396,2226,1886,324,13,3,2,24,40,184,"Urk                                     ",4,3
"GM0344","2022JJ00",184498,134367,27466,19041,16070,1232,809,863,67,8425,6719,1706,8093,14572,9862,4516,134,60,3,26,17,344,"Utrecht                                 ",8,1
"GM1581","2022JJ00",35854,25772,5640,2600,2236,101,72,191,0,3040,2979,61,2017,2425,1155,1200,54,16,3,26,17,1581,"Utrechtse Heuvelrug                     ",4,4
"GM0981","2022JJ00",6369,4841,709,332,279,20,5,24,4,377,372,5,370,449,227,207,12,3,4,31,39,981,"Vaals                                   ",3,3
"GM0994","2022JJ00",13783,9093,1928,953,790,47,41,38,37,975,914,61,803,1959,1496,439,18,6,4,31,39,994,"Valkenburg aan de Geul                  ",3,4
"GM0858","2022JJ00",26138,17394,4514,2020,1696,88,128,99,9,2494,2315,179,1433,2797,2178,581,29,9,4,30,36,858,"Valkenswaard                            ",4,3
"GM0047","2022JJ00",22664,15148,4512,1754,1487,68,103,96,0,2758,2617,141,1494,1510,888,555,59,8,1,20,1,47,"Veendam                                 ",4,3
"GM0345","2022JJ00",47109,32779,7725,3850,3168,181,359,142,0,3875,3386,489,2288,4317,2838,1205,263,11,3,26,17,345,"Veenendaal                              ",5,2
"GM0717","2022JJ00",20382,12224,4842,2055,1843,75,38,99,0,2787,2748,39,1121,2195,1356,801,28,10,3,29,32,717,"Veere                                   ",4,5
"GM0861","2022JJ00",35482,23936,6159,2794,2222,153,210,202,7,3365,3034,331,2003,3384,2752,583,40,9,4,30,36,861,"Veldhoven                               ",4,2
"GM0453","2022JJ00",50084,33237,7159,3786,3261,139,202,179,5,3373,3112,261,3427,6261,4598,1582,70,11,3,27,20,453,"Velsen                                  ",5,2
"GM0983","2022JJ00",78002,50066,17558,5494,3807,384,822,442,39,12064,5222,6842,3240,7138,5542,1507,72,17,4,31,37,983,"Venlo                                   ",6,2
"GM0984","2022JJ00",36503,23967,7874,3414,2675,166,443,128,2,4460,3633,827,1844,2818,1758,987,66,7,4,31,37,984,"Venray                                  ",4,3
"GM1961","2022JJ00",52004,32790,12839,6293,4800,519,555,232,187,6546,5627,919,2657,3718,2005,1610,84,19,3,26,17,1961,"Vijfheerenlanden                        ",5,4
"GM0622","2022JJ00",49042,31952,9490,3288,2844,117,193,128,6,6202,2268,3934,2074,5526,3984,1496,34,12,3,28,29,622,"Vlaardingen                             ",5,1
"GM0096","2022JJ00",931,471,263,161,139,11,2,9,0,102,102,0,60,137,64,70,1,2,1,21,4,96,"Vlieland                                ",1,5
"GM0718","2022JJ00",33048,21334,5383,1929,1590,73,79,187,0,3454,2147,1307,1879,4452,3293,1114,38,7,3,29,32,718,"Vlissingen                              ",4,2
"GM0986","2022JJ00",10272,7356,1564,705,631,28,15,30,1,859,842,17,593,759,472,265,16,6,4,31,39,986,"Voerendaal                              ",3,4
"GM0626","2022JJ00",16046,11620,1735,824,714,43,26,41,0,911,881,30,856,1835,1239,576,11,9,3,28,25,626,"Voorschoten                             ",4,2
"GM1992","2022JJ00",0,0,0,0,0,0,0,0,0,0,0,0,0,0,0,0,0,0,NA,NA,NA,NA,"                                        ",NA,NA
"GM0285","2022JJ00",21703,13321,5133,2002,1625,141,129,107,0,3131,2981,150,1397,1852,1182,652,16,2,2,25,13,285,"Voorst                                  ",4,4
"GM0865","2022JJ00",22817,16123,3926,1713,1356,99,175,80,3,2213,1836,377,1001,1767,1256,478,30,3,4,30,35,865,"Vught                                   ",4,3
"GM1949","2022JJ00",40091,24550,9792,4424,3660,200,280,275,9,5368,4974,394,2686,3063,1285,1679,83,16,1,21,4,1949,"Waadhoeke                               ",4,5
"GM0866","2022JJ00",12894,9596,1632,623,534,21,24,44,0,1009,972,37,704,962,719,216,24,3,4,30,36,866,"Waalre                                  ",3,4
"GM0867","2022JJ00",40278,27262,7750,3895,3004,240,370,281,0,3855,3222,633,1951,3315,2218,1025,65,7,4,30,34,867,"Waalwijk                                ",4,3
"GM0627","2022JJ00",23336,15744,4102,2094,1647,101,264,65,17,2008,1777,231,1439,2051,1282,754,12,3,3,28,28,627,"Waddinxveen                             ",4,2
"GM0289","2022JJ00",18848,13988,2513,1213,943,44,146,80,0,1300,1141,159,818,1529,992,484,47,6,2,25,13,289,"Wageningen                              ",4,2
"GM0629","2022JJ00",18423,13699,1777,944,842,68,11,23,0,833,820,13,760,2187,1371,784,23,9,3,28,26,629,"Wassenaar                               ",4,3
"GM0852","2022JJ00",12659,8229,2390,1016,850,47,55,64,0,1374,1270,104,794,1246,586,615,36,9,3,27,23,852,"Waterland                               ",3,4
"GM0988","2022JJ00",37832,25836,7049,3166,2440,189,321,141,75,3883,3263,620,2083,2864,1902,906,51,5,4,31,38,988,"Weert                                   ",5,3
"GM0457","2022JJ00",12397,8707,1739,985,856,66,33,30,0,754,705,49,675,1276,616,648,9,3,3,27,24,457,"Weesp                                   ",4,2
"GM1960","2022JJ00",59090,29213,15203,6574,5029,537,703,295,10,8629,7462,1167,2622,12052,7285,4634,73,60,2,25,16,1960,"West Betuwe                             ",5,5
"GM0668","2022JJ00",19540,11675,4797,2079,1721,101,179,75,3,2718,2472,246,1170,1898,1138,727,32,1,2,25,16,668,"West Maas en Waal                       ",3,5
"GM1969","2022JJ00",58603,35224,15274,6362,5056,376,384,542,4,8912,8161,751,3713,4392,2198,2079,86,29,1,20,3,1969,"Westerkwartier                          ",5,5
"GM1701","2022JJ00",18977,11815,4779,1940,1708,64,58,107,3,2839,2784,55,1210,1173,620,507,40,6,1,22,9,1701,"Westerveld                              ",3,5
"GM0293","2022JJ00",11090,7567,1596,629,539,19,36,35,0,967,933,34,703,1224,961,253,10,0,2,25,15,293,"Westervoort                             ",3,3
"GM1950","2022JJ00",24788,14950,6433,2430,2075,69,117,161,8,4003,3867,136,1649,1756,867,797,77,15,1,20,1,1950,"Westerwolde                             ",4,5
"GM1783","2022JJ00",95138,57739,21885,12245,9315,1015,1555,328,32,9640,7033,2607,4421,11093,6517,4461,70,45,3,28,27,1783,"Westland                                ",6,3
"GM0098","2022JJ00",23882,14476,5891,2440,2098,88,89,142,23,3451,3323,128,1691,1824,912,849,55,8,1,21,6,98,"Weststellingwerf                        ",4,4
"GM0614","2022JJ00",14163,9091,2496,1023,886,43,42,52,0,1473,1445,28,891,1685,890,753,24,18,3,28,29,614,"Westvoorne                              ",3,4
"GM0189","2022JJ00",29696,19619,7411,4288,3927,96,106,153,6,3123,2941,182,1148,1518,903,581,23,11,2,23,12,189,"Wierden                                 ",4,4
"GM0296","2022JJ00",33137,22051,6853,3267,2345,182,563,176,1,3586,3189,397,1624,2609,1874,672,56,7,2,25,15,296,"Wijchen                                 ",4,3
"GM1696","2022JJ00",22502,14425,4650,2126,1766,153,112,84,11,2524,2353,171,1244,2183,1087,1052,35,9,3,27,24,1696,"Wijdemeren                              ",4,4
"GM0352","2022JJ00",18099,12572,3069,1335,1165,40,56,67,7,1734,1674,60,1165,1293,546,716,18,13,3,26,17,352,"Wijk bij Duurstede                      ",4,3
"GM0294","2022JJ00",22617,14722,5127,1955,1560,117,200,71,7,3172,2744,428,1236,1532,1005,489,28,10,2,25,14,294,"Winterswijk                             ",4,3
"GM0873","2022JJ00",18777,12578,3539,1479,1247,50,105,76,1,2060,1845,215,1259,1401,726,643,24,8,4,30,33,873,"Woensdrecht                             ",4,4
"GM0632","2022JJ00",38770,25499,8522,4014,3190,297,388,131,8,4508,3787,721,2118,2631,1321,1232,62,16,3,26,17,632,"Woerden                                 ",5,3
"GM1690","2022JJ00",24569,14555,6631,2589,2195,115,159,115,5,4042,3793,249,1716,1667,931,693,37,6,1,22,9,1690,"De Wolden                               ",4,5
"GM0880","2022JJ00",12814,8134,2403,1080,938,29,61,52,0,1323,1205,118,976,1301,615,661,20,5,3,27,22,880,"Wormerland                              ",3,3
"GM0351","2022JJ00",12037,6991,3431,1382,1143,52,116,64,7,2049,1578,471,648,967,612,333,20,2,3,26,17,351,"Woudenberg                              ",3,4
"GM0479","2022JJ00",102129,67532,14980,7905,6880,250,331,378,66,7075,6427,648,6516,13101,7142,5765,139,55,3,27,22,479,"Zaanstad                                ",7,2
"GM0297","2022JJ00",25361,15625,6658,3164,2429,245,394,96,0,3494,2848,646,1152,1926,987,866,63,10,2,25,16,297,"Zaltbommel                              ",4,4
"GM0473","2022JJ00",11909,7938,1215,727,648,12,25,42,0,488,439,49,699,2057,1648,387,13,9,3,27,21,473,"Zandvoort                               ",3,2
"GM0050","2022JJ00",20237,12436,5479,2188,1414,97,623,54,0,3291,1896,1395,1100,1222,684,509,19,10,2,24,40,50,"Zeewolde                                ",4,4
"GM0355","2022JJ00",41631,32054,4637,2517,2312,47,30,127,1,2120,2086,34,1892,3048,1626,1353,57,12,3,26,17,355,"Zeist                                   ",5,2
"GM0299","2022JJ00",36152,24628,6009,2653,2282,99,120,150,2,3356,3158,198,2271,3244,2169,998,62,15,2,25,15,299,"Zevenaar                                ",4,3
"GM0637","2022JJ00",78179,58111,8106,4083,3604,177,124,162,16,4023,3856,167,4201,7761,4759,2927,51,24,3,28,26,637,"Zoetermeer                              ",6,1
"GM0638","2022JJ00",7640,4463,1759,909,665,62,88,94,0,850,741,109,475,943,625,310,5,3,3,28,25,638,"Zoeterwoude                             ",2,4
"GM1892","2022JJ00",36646,23182,7276,3584,2836,167,392,187,2,3692,3158,534,2357,3831,2421,1378,26,6,3,28,29,1892,"Zuidplas                                ",4,3
"GM0879","2022JJ00",19900,12875,4792,2286,1868,132,210,75,1,2506,2168,338,983,1250,536,669,39,6,4,30,33,879,"Zundert                                 ",4,4
"GM0301","2022JJ00",31806,22587,4819,2045,1673,138,55,175,4,2774,2726,48,1709,2691,1942,700,41,8,2,25,14,301,"Zutphen                                 ",4,2
"GM1896","2022JJ00",21488,11588,6969,3219,2591,187,367,74,0,3750,2548,1202,909,2022,990,1011,15,6,2,23,10,1896,"Zwartewaterland                         ",4,4
"GM0642","2022JJ00",31105,21934,4609,2331,1999,101,167,64,0,2278,2049,229,1547,3015,2135,832,43,5,3,28,30,642,"Zwijndrecht                             ",4,2
"GM0193","2022JJ00",82765,57622,12978,6709,5812,206,162,515,14,6269,6023,246,4513,7652,5634,1924,68,26,2,23,10,193,"Zwolle                                  ",6,2
